Feature1,Feature2,Feature3,Target
10.0,42.472407130841745,36.417277130888536,245.58280568229992
10.180360721442886,77.04285838459498,29.12433648548542,290.0383602492243
10.360721442885772,63.919636508684306,18.92874273288475,282.4652162935444
10.541082164328657,55.919509051822196,41.62077588681269,311.48197994492125
10.721442885771543,29.36111842654619,35.812902764924566,219.38864579050508
10.901803607214429,29.35967122017216,12.31776227052011,188.74517439705306
11.082164328657315,23.485016730091967,45.99172330222291,231.7848187458181
11.262525050100201,71.97056874649611,42.0141759315426,358.7655606798275
11.442885771543086,56.06690070459253,47.740996098136584,307.3492660524637
11.623246492985972,62.48435466776273,37.6573778774762,259.4319777247047
11.803607214428858,21.23506965774815,32.60368381711054,189.01555203915854
11.983967935871744,78.19459112971967,23.82093663307785,336.392149013695
12.16432865731463,69.94655844802531,46.972781750930594,360.5899185910568
12.344689378757515,32.74034664069657,43.97287502751838,197.24309021754723
12.525050100200401,30.909498032426036,7.034840154778523,124.4666785953889
12.705410821643287,31.00427059120603,6.18651385237634,187.80206836493105
12.885771543086172,38.254534577572265,21.940851509512232,209.0017383083863
13.066132264529058,51.48538589793427,41.47489988518248,310.1155074434628
13.246492985971944,45.916701118526944,49.4274258191725,290.44047822172746
13.42685370741483,37.47374841188251,11.768760099658769,190.55886444949675
13.607214428857716,56.71117368334277,31.73588219084608,316.18265732643124
13.7875751503006,28.36963163912251,22.14008854839597,169.05803076884064
13.967935871743487,37.528678912113094,48.646147901657145,268.63369933485706
14.148296593186373,41.9817105976215,42.89535154110689,254.4607625866725
14.32865731462926,47.364199053022155,42.724791712001206,271.8219230186165
14.509018036072145,67.11055768358082,26.09119219077366,302.27496587251915
14.68937875751503,31.980426929501583,23.666877605194934,208.69656417796614
14.869739478957916,50.8540663048167,17.30331823688178,232.28533465414102
15.050100200400802,55.54487413172255,7.536897349291721,279.58150166255996
15.230460921843687,22.787024763199863,43.912506931477395,190.269712773344
15.410821643286575,56.4526911140863,41.58054541085349,308.5563014122714
15.591182364729459,30.23144742123749,49.987295297875875,239.8417305701568
15.771543086172345,23.903095579116773,49.84865766832574,277.90211094930316
15.951903807615231,76.93313223519999,29.994426752118237,360.4925087356446
16.132264529058116,77.93792198447356,39.60443368312297,408.50702761995814
16.312625250501004,68.50384088698766,47.51445784470926,321.2241281612764
16.492985971943888,38.27682615040224,43.23413258048352,275.2821954760271
16.673346693386776,25.86032684038303,16.130664578443895,203.2246203202871
16.85370741482966,61.053981590729414,25.27448608895421,303.594266287678
17.034068136272545,46.40914962437608,10.812173681817274,260.95248003381346
17.214428857715433,27.32229409068673,47.93229622664251,231.17053665319577
17.394789579158317,49.71061460667621,32.2778585502896,325.5471424428085
17.5751503006012,22.063311266913104,15.288926247655823,236.03533120703327
17.75551102204409,74.55922412472692,35.22653079826355,354.26762124569444
17.935871743486974,35.52679889600101,32.81577082060531,230.5903496611384
18.11623246492986,59.75133706123892,21.11732231147782,337.5551199799229
18.296593186372746,38.70266456536466,10.110091648983307,256.9017141114729
18.476953907815634,51.20408127066865,35.22079380167598,282.2758462320224
18.65731462925852,52.80261676059678,28.413846540670697,277.2591973672901
18.837675350701403,31.091267331531622,39.754327628103766,239.6796203877928
19.01803607214429,78.17507766587352,28.407357550039702,327.0785770552488
19.198396793587175,66.50796940166687,43.34816751433431,335.454272013492
19.37875751503006,76.36993649385136,29.83580774485185,336.172232028816
19.559118236472948,73.68964102565893,30.242208719092382,336.75588650792946
19.739478957915832,55.87399872866511,44.44941211962553,334.4381896353063
19.919839679358716,75.312454101387,23.156728979557865,358.9566209568072
20.100200400801604,25.30955012311517,11.030685280278833,224.90583731753188
20.280561122244492,31.758971745148713,6.295220434100254,159.0389793704609
20.460921843687373,22.713637334632285,38.98117650531285,257.47662434356954
20.64128256513026,39.519819845795865,32.91392981090591,260.5327840929552
20.82164328657315,43.320637381368925,36.68358956446506,285.13175312975653
21.002004008016034,36.28094190643375,14.583387267900983,242.2622010521655
21.182364729458918,69.72425054911577,11.13671640140464,282.49398272112325
21.362725450901806,41.40519960161536,5.654509955054687,232.4478129040842
21.54308617234469,36.85607058124285,20.776440146296864,243.28700297209272
21.723446893787575,52.56176498949491,31.54629590845849,322.44521228079645
21.903807615230463,28.45545349848576,22.650982029487956,226.95861433258958
22.084168336673347,68.13181884524238,24.686371491067806,415.7638770618829
22.26452905811623,24.473038620786248,45.68714125221868,234.71931507172155
22.44488977955912,79.21321619603104,20.671496016048515,352.8322910883721
22.625250501002007,66.33468615779944,28.129527012191485,327.0698987090464
22.805611222444888,31.922940892050345,40.26438557335144,250.8557251378258
22.985971943887776,20.331327027416144,22.844425204457156,179.5051054475183
23.166332665330664,68.92768570729005,32.993901510254304,401.10668673692805
23.34669338677355,62.41144063085703,43.80636689360353,410.848956666568
23.527054108216433,63.74043008245924,47.72842806459389,363.66397399694694
23.70741482965932,66.27622080115674,11.618306641806708,291.92426781259405
23.887775551102205,24.44267910404542,46.69644313226725,276.4144924726717
24.06813627254509,41.507943712656356,27.14523318857922,258.5201512768787
24.248496993987978,26.952143571507783,16.620997473453127,230.08036817004685
24.428857715430862,71.78620555253562,25.661109030721757,370.48395620631277
24.609218436873746,57.39788760965347,49.101465887846466,323.36114490223133
24.789579158316634,39.85388149115895,27.16781422967913,319.48074560600355
24.969939879759522,23.813501017161418,19.793822462937868,264.7842376892637
25.150300601202407,38.65893930293973,33.50303844425266,265.2004364876026
25.33066132264529,39.51099932160482,15.806552845018688,239.83770214735347
25.51102204408818,63.77637070028384,8.413849764889877,318.7768615287311
25.691382765531063,58.253448281312785,10.799587485979215,309.1587545776317
25.871743486973948,73.23276455457959,10.762062753099759,364.46572129801905
26.052104208416836,48.33289550971696,11.835621208053245,333.1844819419152
26.23246492985972,27.1756547562981,11.247222769223455,203.64285270195862
26.412825651302608,62.7946872333797,33.83936351614466,337.7651740014852
26.593186372745492,65.64710291701385,13.184603797961516,288.3036849975108
26.773547094188377,53.67663185416978,20.555027749573846,287.30623824015294
26.953907815631265,66.25803079727366,45.35547844577053,396.3068713596732
27.13426853707415,49.62773578186344,26.328273811829256,363.91356502307906
27.314629258517037,51.363969762919645,35.04009823344622,317.9022838186344
27.49498997995992,45.652461101512976,12.754394204073343,279.15977018169224
27.675350701402806,21.52514760464571,13.653005846390185,202.09017043014615
27.855711422845694,26.473485619598268,6.839087731991549,240.17327621760322
28.03607214428858,21.885751141204054,12.602077838247403,278.8136704534699
28.216432865731463,58.184624675826825,17.536565256438138,306.566672815673
28.39679358717435,38.8613588645796,12.965471792453606,241.41901125179672
28.577154308617235,50.514241469882165,8.991614019067502,315.1593959943226
28.757515030060123,74.45398843556558,10.428614199527036,379.7059985147806
28.937875751503007,34.9575337489325,25.73504456147266,327.49541314783585
29.118236472945892,44.62297538213778,14.285017328260663,296.42975225449715
29.29859719438878,65.33306831258292,21.392143747163395,345.1991184860189
29.478957915831664,33.72788992949735,27.65377718846856,292.12670074952507
29.659318637274552,24.618794589727578,36.067767288321434,297.890300312411
29.839679358717436,37.38508717482608,6.769046292849453,269.6665369809678
30.02004008016032,29.673277235240263,40.97346795090692,306.2651488613949
30.20040080160321,75.78185914055439,33.255517527090845,446.6584563699323
30.380761523046093,68.48722277386501,8.679156437699236,379.42189500254807
30.56112224448898,58.00422539062541,44.31103808480498,426.34401105056793
30.741482965931866,72.28763541126307,46.43925802393159,452.1686507730691
30.92184368737475,68.22032461394687,7.748508193468869,338.8318225687717
31.102204408817638,31.194203533162153,17.459494166624168,257.311827161005
31.282565130260522,73.55353990939867,41.279057590687756,464.5442644258643
31.462925851703407,52.36053451493904,38.67168606726462,335.76860895654295
31.643286573146295,68.44640930984374,13.30344587103698,369.5794652303774
31.82364729458918,73.7654779954096,14.420719550151963,365.63229789506863
32.00400801603207,39.08020849831183,21.67124462561219,289.4614914983327
32.184368737474955,26.603115471660605,26.80353433359596,300.5074459102925
32.364729458917836,33.6761097525165,32.82146471886332,301.86314857154457
32.545090180360724,45.626467317575376,21.601113780639757,311.6550866801331
32.72545090180361,69.08088595534959,25.814062225991655,348.97690169584894
32.90581162324649,71.64383499538062,38.63619221601905,446.21474289198255
33.08617234468938,20.417127831871444,6.650744130076905,226.26208656875792
33.26653306613227,50.64483815465394,16.359662495480933,382.61761341861654
33.44689378757515,45.04466018892674,37.10073136480486,333.8896713981005
33.62725450901804,33.326468628243816,45.28430769592397,331.6315491425697
33.807615230460925,27.19192204002097,28.025484895204976,280.3387073436392
33.987975951903806,40.25691028421768,28.945106836939203,361.9364467270509
34.168336673346694,76.57458223475115,9.822740510289922,383.1837084466115
34.34869739478958,39.39217592124531,25.13355650705546,314.20907613011536
34.52905811623246,51.12743730460197,28.967776990476043,367.670993651184
34.70941883767536,62.18113753371067,15.911172663562835,362.80170697364986
34.88977955911824,41.81777614275764,17.115945392722143,285.85132901367433
35.07014028056112,78.30692496325764,21.97778733970802,424.97961047838265
35.250501002004015,77.74683769652668,5.903203899997687,418.2578773933846
35.430861723446895,35.10693774952185,19.493562451243022,255.23592606250736
35.611222444889776,49.83491035354312,14.51516031484451,324.96903169428373
35.79158316633267,38.052698589006184,19.73738084800616,275.79556568018637
35.97194388777555,37.090429662648056,10.389295931866304,311.7890552705243
36.15230460921844,22.21321684127197,45.07372763329527,255.70071708376696
36.33266533066133,56.57386003879381,31.71166040993219,361.7079068407435
36.51302605210421,50.16074139373169,35.55960436150203,378.96989336455164
36.6933867735471,23.08872507499936,40.51270573733022,344.03085467087715
36.873747494989985,36.71878785419669,27.429898951807576,310.5386436139755
37.054108216432866,74.49595315799922,8.911412963934065,372.87113246680127
37.234468937875754,34.37371344001835,29.16979438183465,366.8333169184451
37.41482965931864,28.693692325473386,31.407850310939562,255.1156792230865
37.59519038076152,49.36716561665378,38.54477633829485,309.6076323509947
37.77555110220441,79.13902724663603,24.42467958033557,450.56907881099687
37.9559118236473,34.523316290690026,10.74111362580037,261.8141966876817
38.13627254509018,60.328132844352716,17.769915760942602,338.4323357213827
38.31663326653307,65.69717691972306,21.33870333793858,414.28616392015914
38.496993987975955,34.25825263954398,34.06627585992206,332.20930700351585
38.677354709418836,63.692980916711576,30.685023710101035,390.2360500859103
38.857715430861724,42.06698796315519,21.024352665403082,285.27139898359184
39.03807615230461,57.938349835614765,49.39318619568409,454.9274463558353
39.21843687374749,58.01178264565368,32.25986687105993,414.9348645128307
39.39879759519039,52.14648104448551,15.675205628119752,342.4097688570761
39.57915831663327,25.4173862032645,9.580211267918168,309.12832429359287
39.75951903807615,70.11814973535428,11.87866126329494,361.0473048951727
39.939879759519044,39.24680389830415,16.068097777302867,263.8703711598522
40.120240480961925,31.191110623991253,12.230661796680005,257.7583752927442
40.30060120240481,22.446508493285833,13.39551608230876,253.96538196342934
40.4809619238477,55.45357659129451,17.82928259122312,371.2433261314013
40.66132264529058,60.653861710536944,12.801811788263967,362.97341755361117
40.84168336673347,20.995269735671368,45.354444108189135,327.6230927857552
41.02204408817636,50.72558349795686,8.6105185547739,295.9397812304105
41.20240480961924,33.58974651187628,28.60301253066146,366.09782195762654
41.38276553106213,58.71036742456699,23.467857214534767,386.133343475242
41.563126252505015,30.461985740299486,49.20703776088729,389.57141270033696
41.743486973947896,61.456264286147956,10.041750597562356,381.70800234069134
41.92384769539078,43.20412077803225,22.903501957058374,356.8173536043902
42.10420841683367,76.20379932420407,48.6261694973916,511.3735890416962
42.28456913827655,28.251256648759593,43.94782066522911,355.21894463036267
42.46492985971944,40.46398106301551,41.7682431927176,394.0698318093858
42.64529058116233,26.808411274435343,16.605627217022292,324.09222648597284
42.825651302605216,75.48161709671376,12.689941432552962,429.0229744567122
43.0060120240481,72.64036120285886,35.08894489659939,481.39313422562316
43.186372745490985,35.47649766290934,46.82191951074136,370.1267521635579
43.36673346693387,59.59904276205074,30.05433018562684,455.57623898862556
43.547094188376754,69.03333201207295,30.722571026145495,422.4417457802387
43.72745490981964,53.31204869596774,17.59905921471279,424.07229714393185
43.90781563126253,51.77903470136039,39.62718199363716,409.0179920970753
44.08817635270541,34.5111374540271,13.416968685088552,263.7968020795386
44.2685370741483,25.586166068353954,19.565565638190968,296.8069102253607
44.448897795591186,73.83294547719962,24.144639737738753,427.1521573651946
44.629258517034074,74.02508342979982,27.842467040800475,481.4965249087984
44.809619238476955,57.986087436396076,15.908437958678611,365.4348958013815
44.98997995991984,40.34178746292204,10.167657113264159,307.93509345853045
45.17034068136273,40.95257447675965,32.47790190987347,311.80866804711087
45.35070140280561,63.557340732214364,17.98837489581151,394.48238802201627
45.5310621242485,73.82661559715463,31.155719964017553,393.1991554176243
45.71142284569139,73.22518545590704,11.946322187339103,378.8968074205932
45.89178356713427,66.79253275145743,26.651304583466786,460.05978137417185
46.07214428857716,58.52189876925726,28.966524464821365,441.3613271512481
46.252505010020045,25.04839789970293,7.332059157009211,287.5830589067563
46.432865731462925,29.697722845676825,20.147192518726428,286.1097322064586
46.61322645290581,73.91325131162475,11.04866046225384,428.8586399867458
46.7935871743487,56.3857435795754,7.851873671274548,371.927250605953
46.97394789579159,20.55182309699778,49.54821045754753,313.89674111347847
47.15430861723447,26.088292571961926,19.505923023862536,350.99590728556325
47.33466933867736,59.81010614648335,41.44435006345857,477.97856463834677
47.515030060120246,20.30369503077312,16.458829464369373,277.25993904664915
47.69539078156313,29.648483085049918,35.66762250007682,351.8688325513918
47.875751503006015,52.924027361995165,39.210253695035895,434.9470797265079
48.0561122244489,61.513711861561596,31.803743327352993,379.1210250844577
48.236472945891784,59.11767557015603,26.220928484757128,415.32545398793155
48.41683366733467,33.45615856763359,23.532841136627084,320.6419652055597
48.59719438877756,62.73075328085215,20.69907199443479,393.93058108968887
48.77755511022044,34.23494524980801,46.828811491152166,383.0396703860315
48.95791583166333,39.52398188955606,42.377873350447814,453.08995150170284
49.138276553106216,64.78948430708145,48.426210979993066,506.99926693166566
49.318637274549104,58.97797394283288,10.593375056849514,378.25985134691024
49.498997995991985,70.95340462965068,37.889036384163994,503.8117620819327
49.67935871743487,59.4567735380206,47.225320556946706,513.5190596952748
49.85971943887776,54.098516200128294,13.155487977454706,415.7844127981884
50.04008016032064,25.620486069685548,7.992332031504987,294.79535401095444
50.22044088176353,42.06294818356601,38.35042921805266,384.3633631826902
50.40080160320642,35.91214206090353,30.851290093096036,391.98891219013603
50.5811623246493,34.63937860274501,42.882294954122244,403.8119365777292
50.76152304609219,78.38063328514673,11.289756948183028,487.62330253700696
50.941883767535074,43.58586348000563,40.787029033695056,435.1543376280064
51.12224448897796,73.5227933106268,14.073229402148504,484.69039815166934
51.30260521042084,57.86831755983577,12.364517428956702,387.4873520322871
51.48296593186373,67.6886782124989,12.391960906894681,473.30364214777074
51.66332665330662,50.15822558631153,41.6558624104122,446.3676963337575
51.8436873747495,54.614233077581545,34.933874931329,503.34302477315856
52.02404809619239,49.55106162913184,28.53794411461037,393.1496309586988
52.204408817635276,31.71457926788267,21.147371785557613,398.33503074026186
52.38476953907816,63.34712691569032,44.47402433658987,494.4658310804428
52.565130260521045,36.846341746451344,22.66002983401859,346.57706584104193
52.74549098196393,21.45895798588723,41.746974776220966,344.3362124163297
52.92585170340681,58.72833775443007,24.76107088565983,427.80014260240745
53.1062124248497,30.626640764422937,21.96249932412084,360.9547490329668
53.28657314629259,76.42751506117486,25.82059035513229,509.7550831200245
53.46693386773548,77.23571462015525,18.562004337386394,465.48788788802307
53.64729458917836,74.89186341322691,38.6424221079313,515.8189750444272
53.827655310621246,42.20952201532666,27.62241755416156,461.452133155144
54.008016032064134,20.927396991732046,15.44957128160678,361.5396927696876
54.188376753507015,75.69911375526353,45.48085579735558,547.9022699647508
54.3687374749499,45.69104889903886,22.275104961794515,400.2384108655512
54.54909819639279,77.99928914262017,29.459878750129487,514.7149575152386
54.72945891783567,77.81719862535516,45.79124499340461,562.3574607161298
54.90981963927856,71.1805673280416,33.090709816129646,468.67862321754615
55.09018036072145,37.66693352417514,10.260411831876382,346.1610495564636
55.270541082164335,43.105863716115515,47.29244556260638,394.92712438588893
55.450901803607216,71.06820029101141,33.2468623882138,513.4786265420491
55.631262525050104,39.01532030937666,20.070752659568875,399.1283945385504
55.81162324649299,30.16956480116555,11.267243269852425,321.79408006019224
55.99198396793587,53.40807574750101,40.73113351716332,512.8740330472741
56.17234468937876,76.16928644964686,32.90327401678311,482.2308162499516
56.35270541082165,61.76178780049838,29.00574913893447,424.77643691635603
56.53306613226453,54.203670205361895,45.225166237293095,485.9271621765291
56.71342685370742,25.830589626246113,40.486874505103884,416.73217438214044
56.893787575150306,56.90043360195018,11.825369587973803,472.4450210261354
57.07414829659319,79.4032310062558,19.02749305079967,490.79474442067124
57.254509018036075,28.405040914191442,16.18201129165096,378.95760640095943
57.43486973947896,51.0997791418242,38.47758316577046,458.83872862990813
57.61523046092185,72.64238431567733,6.508959563110072,456.227174918715
57.79559118236473,64.44611706525227,30.645035819209244,512.3205856882344
57.97595190380762,61.82094445971608,39.31064085833108,515.5576090634435
58.15631262525051,62.14904503922656,44.45445365427872,460.68952821771165
58.33667334669339,41.56946907318531,20.393678692215836,443.13866848253804
58.517034068136276,37.6155106558696,41.95657871024058,472.2305662850586
58.697394789579164,68.56166932871082,9.978428162984326,441.6645624251319
58.877755511022045,68.60680368075084,43.090353128053316,539.3862453455696
59.05811623246493,72.02433911480622,10.73698980493921,488.600367472639
59.23847695390782,74.79443315338827,22.877928075216527,514.9132764009464
59.41883767535071,50.68054393165627,40.878291460079915,454.96441080116887
59.59919839679359,50.090977681231976,11.746284230694819,392.01359405411836
59.77955911823648,67.89771073800651,15.316312785468867,472.67737212815985
59.959919839679365,58.99783584666591,37.501365577687984,527.0177886318721
60.140280561122246,62.1180126354622,37.401644144573346,518.0264530778552
60.320641282565134,67.74756016616607,33.85164347983838,501.1101026258524
60.50100200400802,73.40032050905398,36.2276800010195,557.8112908646833
60.6813627254509,40.27970941109215,29.42259995064183,336.95350041746144
60.86172344689379,42.53497715839664,16.330957650812874,438.17671157555395
61.04208416833668,25.638916390452138,20.556319707676373,310.00631189671293
61.22244488977956,54.69680845977044,13.171897256064154,424.4507712084639
61.40280561122245,22.156536427804525,45.88027526001328,370.2512854095455
61.583166332665336,47.93588108794761,31.25263076447542,413.8051258518278
61.76352705410822,52.5586780824546,23.038313754363795,485.6315735938799
61.943887775551104,37.192475127697065,25.79026116398597,396.90246277391077
62.12424849699399,55.44999563414065,47.62775028253169,520.4975979073828
62.30460921843688,21.830014996342967,11.900813140223608,337.10249077684813
62.48496993987976,22.240891324952866,31.380342440755875,393.734463432583
62.66533066132265,69.3560336395795,27.76499054980097,516.5640613954387
62.84569138276554,41.61143848467577,32.51544059455915,402.7581954485507
63.02605210420842,27.623630759113087,5.814958271937823,376.49302182146283
63.206412825651306,51.334595603288264,44.24557590248682,480.5078924226043
63.386773547094194,66.19961318591665,46.94532271176256,499.33912220985934
63.56713426853708,32.949261649810595,30.430993261514402,401.13485371763153
63.74749498997996,57.373428549140016,36.34928707446015,544.8316334752896
63.92785571142285,25.120847899626078,46.512472152978305,449.60556311393105
64.10821643286573,23.10090327011646,36.82573854410293,388.92748859778237
64.28857715430863,51.88127789408888,11.86425693114176,426.0489250322318
64.46893787575151,52.43810729660639,30.93297620750659,467.40697427131687
64.64929859719439,58.24579408989239,32.302177087228515,560.2413703397369
64.82965931863728,63.56548002335969,24.08588020860737,509.6449013287895
65.01002004008016,78.55112476775207,38.13999060311253,584.874685085534
65.19038076152304,50.97802089807172,47.04651566460567,538.697120690474
65.37074148296594,39.377388376474755,46.650583080804935,480.07997199369333
65.55110220440882,67.71117168612221,25.287771713185943,508.1422029277527
65.7314629258517,36.24993507572445,10.095712062833986,385.9765855836988
65.9118236472946,46.338285242338166,49.317853953305054,499.14982044038106
66.09218436873748,24.70738288053596,42.75041389006704,422.8750468013966
66.27254509018036,21.52104460492745,10.609820654147008,372.7018417929072
66.45290581162325,77.7589048806755,46.437884717781756,593.522483898302
66.63326653306613,70.15880723073235,44.145336292795776,587.2793627265206
66.81362725450902,61.75845236562188,28.347712570673245,506.8037938529907
66.99398797595191,44.53717666485619,31.607394608521815,467.1613268249026
67.17434869739479,30.397659204250747,22.955121674155862,345.85459521467993
67.35470941883767,29.38622256026516,7.4642737469914096,399.99588309120344
67.53507014028057,35.01457388987572,20.08387587406554,425.7464082558203
67.71543086172345,52.95359988236723,41.12840518691051,541.9196367636061
67.89579158316633,62.87575536200374,5.208441035207128,383.7396531432801
68.07615230460922,59.61184260306388,20.007462726101487,553.8063036232534
68.25651302605212,36.79603381675657,22.91759121159245,425.06164713300785
68.43687374749499,77.29191683979164,29.18280213220653,597.2343342758934
68.61723446893788,64.2738150017461,46.39350273857422,528.8802105443723
68.79759519038078,53.26124315068404,20.585569746468256,494.5284668583888
68.97795591182364,56.70324477406113,20.612894085330247,455.6448792449288
69.15831663326654,45.176003745667394,38.18755616493868,469.82332127907154
69.33867735470943,34.86385937006945,25.349807340041323,490.0668428251323
69.5190380761523,41.35836071907569,15.107217032299188,426.64519650353424
69.6993987975952,65.47076662786215,25.3597782259712,532.4524377213013
69.87975951903809,20.863609317785354,11.338565917090992,390.889029784353
70.06012024048097,26.964358430414975,12.937414392780049,401.8788416779071
70.24048096192385,22.760158521305165,27.426549773276587,408.60806611247136
70.42084168336675,22.44372813913821,23.851645227704655,407.6666716802777
70.60120240480963,71.32763504066043,46.168065548064504,660.826313394497
70.78156312625251,62.219471562801424,21.30772546024849,510.67155420290374
70.9619238476954,48.45042974523951,31.126475762511955,497.484907552973
71.14228456913828,25.87004963906009,33.45189295637887,460.6027049867195
71.32264529058116,49.49695250700994,5.5892505464750135,478.125717765044
71.50300601202406,48.408306246833945,34.85918174075198,536.5662154369135
71.68336673346694,30.392112194600912,13.011618509138815,423.09494719682374
71.86372745490982,46.03109895427838,48.24816428612548,487.75438787281087
72.04408817635272,43.91028406384241,11.689822748890084,492.2897963637512
72.2244488977956,56.951005883132986,23.658085567716068,472.67662258545283
72.40480961923848,58.10561905205863,8.840735063538974,490.69662971737876
72.58517034068137,22.718240586322672,49.85934133306763,435.58581028724797
72.76553106212425,42.47675687758827,27.598775464905916,471.76579541328385
72.94589178356713,57.55159494285418,31.79232577940197,537.8858758307395
73.12625250501003,50.188175514805266,8.018441482479236,468.74713599292255
73.30661322645291,71.38939047129934,38.748221167963,597.5486892826942
73.48697394789579,59.5216178971367,14.445751689301359,549.8155909333553
73.66733466933869,29.77606562488578,45.41244302483212,488.42845064709576
73.84769539078157,24.234124844025793,14.231283821690322,389.23102467986484
74.02805611222445,58.54515669237894,13.580947429864995,527.8322044344153
74.20841683366734,21.59067863249731,6.64473505316427,410.5792880062291
74.38877755511022,55.1465348764078,26.243012529949965,478.6525054554545
74.5691382765531,76.41381448549745,30.41785099681774,606.2757006518359
74.749498997996,54.52845067255274,7.956888774275857,499.53230782752087
74.92985971943888,43.29019557239131,39.89874275127548,500.46060599668067
75.11022044088178,58.59729310654119,25.397997563661242,568.2999606098217
75.29058116232466,47.495173429491,28.597562119741102,496.34130156627805
75.47094188376754,52.7370073589561,24.834323612220267,513.5307304405252
75.65130260521043,76.48788852659152,23.03433773938967,572.9453967508795
75.83166332665331,43.16615826804646,30.183814908869806,493.6601293559363
76.0120240480962,77.67143382943485,11.985811066882063,528.1457672075973
76.19238476953909,74.32103851736383,13.1867658722872,510.90465989699345
76.37274549098197,31.747468087357788,43.78035294560828,536.129244013967
76.55310621242485,24.161678052509927,47.575195796013475,448.43901014970635
76.73346693386775,26.0466800826456,21.798919232588883,398.92997596489636
76.91382765531063,21.093309539092985,17.183510291459918,340.7005564133299
77.09418837675351,25.6665776453557,33.97997944575571,434.16759290390746
77.2745490981964,60.98040640498141,23.39303769941434,499.1327972043336
77.45490981963928,24.27131890761374,6.142386004715519,444.17882281492047
77.63527054108216,39.138537817625675,12.026866881478567,482.3049420604418
77.81563126252506,70.69251865816727,37.21875029813289,577.1330712655362
77.99599198396794,21.39631614414955,34.65157738595681,513.0491453005634
78.17635270541082,68.86810895533614,6.219319662656757,561.201341622713
78.35671342685372,36.911286486403995,14.988747286982726,444.3932662353336
78.5370741482966,27.089889657299373,15.398365846463212,351.2325258118037
78.71743486973948,61.804229921849036,35.23517346194278,639.4810533461128
78.89779559118237,57.73657080679304,5.886974198946387,458.88766918009344
79.07815631262525,72.64832081162318,9.684886189305823,504.26539765527536
79.25851703406815,64.10426262823314,40.99622384179352,622.0164166648483
79.43887775551103,68.20885582309091,13.034509792445013,621.6436702663851
79.61923847695391,36.922074354278394,34.37357485333436,539.5185112326351
79.7995991983968,30.646372626783368,15.718225147102693,459.49123856971346
79.97995991983969,65.0368850984515,9.474862674170533,551.8228505730129
80.16032064128257,68.41008435603584,15.942748594975434,583.3594995865978
80.34068136272546,79.4303085200404,37.50201193350466,657.4255325716354
80.52104208416834,44.757060614685585,43.50634106478286,551.8037750293771
80.70140280561122,42.32108514756699,42.359893905514625,537.6146875947314
80.88176352705412,66.58477764451982,22.873258832830466,567.1501108704512
81.062124248497,40.448212415181075,35.063831145679075,493.1018588648891
81.24248496993988,75.84543953621389,14.224293293711943,572.5345927698218
81.42284569138278,71.5047651105807,18.191647861745597,525.8002693949029
81.60320641282566,45.7396416425011,45.33511183345039,551.3517854418642
81.78356713426854,65.05226406748984,5.5850865579831215,503.8035006409824
81.96392785571143,65.27257244508094,8.847883888451063,508.26151701851757
82.14428857715431,26.187432130155955,14.35488148157123,441.24603819683193
82.3246492985972,74.15317440077399,6.193949174321887,605.9060873356924
82.50501002004009,50.315142346871426,13.164594579040878,534.8441544589258
82.68537074148297,69.5874479664645,31.236870243636147,554.8625492439024
82.86573146292585,39.20297606183671,23.964104776662406,467.3112194934282
83.04609218436875,73.73139370977202,45.17022699846387,671.9421395033652
83.22645290581163,43.35210072404979,41.78496027822984,517.0574125457063
83.40681362725451,20.6502590888179,20.38178082640442,429.60259892836984
83.5871743486974,74.32291858515582,16.67405450440816,607.16712512981
83.76753507014028,25.477200607168015,22.08615836752701,426.62372519121016
83.94789579158318,39.15881825542489,31.56327241316635,519.5558479433189
84.12825651302606,77.0037180230483,17.062863837029433,561.6291429477619
84.30861723446894,77.03642881625336,33.08670085321103,616.4761277745215
84.48897795591184,54.40627328739717,23.42352434860582,557.6152384073266
84.66933867735472,57.91023273018796,29.84212313833911,524.3024871707108
84.8496993987976,46.90673131869919,24.62569381108925,542.5846213122784
85.03006012024049,37.592646301883875,18.250959179386296,488.81096377758575
85.21042084168337,39.71987272219496,47.68039881329705,571.936797792427
85.39078156312625,60.35110736462231,39.36226073718924,608.0583938426902
85.57114228456915,65.1424717662608,11.305092909490366,601.2463831552551
85.75150300601203,67.4947426235509,44.081058915406075,637.4090928049502
85.93186372745491,67.37708856767324,26.934403921228114,586.8453622215379
86.1122244488978,25.472366182921423,45.25485021023411,515.0446218557922
86.29258517034069,49.66521828215489,40.99348651762919,592.4519094341774
86.47294589178357,23.453525600998656,24.134607701115506,465.98737788213236
86.65330661322646,52.97173293942413,6.011118874405283,518.7684137561052
86.83366733466934,46.49183008240262,17.090481172322573,499.93137129632777
87.01402805611222,73.26225096549798,29.373539659739013,606.7029169138925
87.19438877755512,41.05490075312472,33.50651989217663,496.8771389999571
87.374749498998,27.02402098565635,16.604945844494104,516.2682549375575
87.55511022044088,28.57950092317015,11.271023333277085,421.1850932560896
87.73547094188378,65.69063790304833,42.57186065596846,612.3703628547398
87.91583166332666,57.09308379897566,49.29809813165985,599.9865563464774
88.09619238476955,26.067360567367416,28.656058203620862,514.7466989567554
88.27655310621243,25.046408366899847,12.725567863173659,444.8480829031358
88.45691382765531,62.0581478875472,17.253829693371603,611.942020540218
88.63727454909821,24.36578038185161,5.827580444636003,419.0968815039036
88.81763527054109,69.31160355742136,46.143446295222454,663.8620692115875
88.99799599198397,62.374533629389774,10.298798730056351,538.6527707184252
89.17835671342687,24.880926838513986,30.94324139814141,557.5971639987339
89.35871743486975,25.090262845111514,17.33248493092427,431.74267556577666
89.53907815631263,79.19837471007052,29.938010113210705,664.9220782886941
89.71943887775552,42.45624774536722,34.31391747583389,573.8876401267544
89.8997995991984,42.23852882401346,42.33838116682407,583.4055201260271
90.08016032064128,68.76797403545015,14.288957229227144,589.6438480810386
90.26052104208418,76.83491464303152,5.494812289631621,598.6418316846917
90.44088176352706,79.16006382937226,11.159853353096327,622.8777694077909
90.62124248496994,65.2026911155365,45.50083888316473,644.6846610039642
90.80160320641284,42.57557513185495,44.32505349031319,608.4996187056897
90.98196392785572,25.010043001920124,31.883589597663875,569.0408539602515
91.1623246492986,66.6288149556462,32.0232587195144,611.8575073529267
91.34268537074149,53.504254984148304,34.9266503545815,554.6427177572016
91.52304609218437,45.453320554818575,12.891707538055233,525.5870996587661
91.70340681362725,74.38126310568416,46.14853756662319,759.6457718344374
91.88376753507015,26.67184893836908,23.84467362014329,471.1297271565825
92.06412825651303,49.55750625745155,22.241233771227385,610.5850035041835
92.24448897795592,20.681218686045145,28.35129673772769,538.0552298677078
92.4248496993988,48.11963851964758,7.113468504877477,511.67760411505304
92.60521042084169,23.378196540910242,12.482751594023574,482.59042686970287
92.78557114228458,27.129074976084315,38.21151273918667,577.8044336696207
92.96593186372746,27.05157480662629,8.72594005663069,459.0964997584255
93.14629258517034,58.95261812696381,32.14184492598747,607.6193037704769
93.32665330661324,64.7626927559254,16.040709935659443,582.2256839470888
93.50701402805612,55.00212590582958,22.518302631888943,553.6283371727051
93.687374749499,77.73035290847253,17.991218154681494,624.4446676807964
93.8677354709419,42.49223477142225,21.00527224092271,508.23998267701205
94.04809619238478,37.14272517691164,37.357065733291044,563.3571958146329
94.22845691382766,72.11594769136761,18.370477203042874,606.90342820374
94.40881763527055,33.41575031116716,30.488208813360373,545.8725164550268
94.58917835671343,77.79335236643668,26.422268098959485,617.904437337974
94.76953907815631,20.72926848138898,34.86520244131917,520.9227736058642
94.94989979959921,78.19272960245834,47.15733826961411,733.6983333932678
95.13026052104209,22.589594717034565,37.965744374461266,464.4092457070509
95.31062124248497,73.46858682188426,14.672317036584055,642.214576604188
95.49098196392787,51.66206654517799,6.40324107775781,586.5866794209599
95.67134268537075,79.57788776715802,16.80188199349213,618.7335674692051
95.85170340681363,24.427793884123933,31.77850688151147,570.4243806477804
96.03206412825652,53.231257064079244,7.314161606791266,571.0209211998277
96.2124248496994,78.15815213714595,27.336481124055634,652.8467623855944
96.3927855711423,51.38587065020893,31.857928201260016,601.7715383079848
96.57314629258518,57.763918288115754,20.040975086763236,616.4160975838662
96.75350701402806,61.74492133907703,39.69104916856199,653.9110521528397
96.93386773547095,47.27246388606639,9.796921391019731,565.3093851555136
97.11422845691384,57.6534848050438,8.381200178111394,550.5595608066286
97.29458917835672,55.058858715386016,37.76849402916215,634.9727456389915
97.47494989979961,74.06948062945935,27.29710922927893,624.2910250389849
97.65531062124249,22.726782820487472,35.978107839248125,527.4210247844677
97.83567134268537,36.85779137553382,24.56723023716858,523.9332907277364
98.01603206412827,77.02468904459352,16.088091495759805,633.2484801041202
98.19639278557115,73.41582703345497,41.85960429533899,733.8350560896407
98.37675350701403,47.33940516714277,40.97371455360407,650.2119622545207
98.55711422845692,57.207955868092206,36.26134118844921,656.649150522218
98.7374749498998,36.64287097886796,17.246531175348323,506.60219214672236
98.91783567134269,31.28726958342568,31.56038000910892,543.1616579630215
99.09819639278558,47.82190429639893,21.243825362301205,618.739080184317
99.27855711422846,41.20113368156317,9.121193299698536,543.2115235101976
99.45891783567134,55.01936671105233,46.279110895800926,725.0318794668951
99.63927855711424,24.66407821789909,11.156838391353263,506.6625608466919
99.81963927855712,78.46368845996999,47.76068092193611,735.9524578327115
100.0,79.17264466877617,25.070259783108007,678.3849596464694
